Image,Caption,Rights,Source
urn:cite:oldpersian:img.3936190483_3367896144_o,"Overview of Behistun inscription","Photo credit: dynamosquito (https://www.flickr.com/photos/dynamosquito/3936190483)  / Foter (http://foter.com/), Creative Commons Attribution-ShareAlike 2.0 Generic (CC BY-SA 2.0)","http://foter.com/photo/stone-record-at-behistun-2/"
urn:cite:oldpersian:img.kt_pl_vi,"Drawing showing positions of Elamite, Babylonian and Old Persian inscritions at Behistun",Public domain,http://www.iranicaonline.org/uploads/files/Bisotun/v4f3a043_f13_300.jpg
urn:cite:oldpersian:img.wmc_BehistunInscriptiondetail,"Detail of part of Behistun inscription","'BehistunInscriptiondetail' by KendallKDown - From my own collection. Licensed under Creative Commons Attribution-Share Alike 3.0 via Wikimedia Commons - http://commons.wikimedia.org/wiki/File:BehistunInscriptiondetail.jpg#mediaviewer/File:BehistunInscriptiondetail.jpg",http://commons.wikimedia.org/wiki/File:BehistunInscriptiondetail.jpg
urn:cite:oldpersian:img.IMG_35511,"Overview of inscription of Xerxes at Van","Not explicitly stated: http://www.travelphotoreport.com/2012/09/28/ancient-old-persian-babylonian-elamite-inscriptions-5bc/",http://www.travelphotoreport.com/2012/09/28/ancient-old-persian-babylonian-elamite-inscriptions-5bc/
urn:cite:oldpersian:img.van_xv,"Overview of inscription of Xerxes at Van","Photog by Marco Prins, licenced under the Creative Commons Attribution-NonCommercial-ShareAlike 4.0 International",http://www.livius.org/pictures/turkey/van/van-citadel/van-inscription-of-xerxes/
urn:cite:oldpersian:img.DPa_livius,"Inscription of Darius from Persepolis, DPa","Licenced under the Creative Commons Attribution-NonCommercial-ShareAlike 4.0 International","http://www.livius.org/arl-arz/aryans/alphabet.html#DPa"
urn:cite:oldpersian:img.XPe_livius,"Inscription of Xerxes from Persepolis, XPe","Licenced under the Creative Commons Attribution-NonCommercial-ShareAlike 4.0 International","http://www.livius.org/a/1/inscriptions/XPe.jpg"
urn:cite:oldpersian:img.Behistun_DB1_1-15,"DB, column 1, lines 1-15","Behistun DB1 1-15. Licensed under Public domain via Wikimedia Commons - http://commons.wikimedia.org/wiki/File:Behistun_DB1_1-15.jpg#mediaviewer/File:Behistun_DB1_1-15.jpg",http://commons.wikimedia.org/wiki/File:Behistun_DB1_1-15.jpg
urn:cite:oldpersian:img.niebuhr1778bd2-page511,"Niebuhr, plate 18: 'plan of the palace at Persepolis'","public domain image from the Universitätsbibliothek, Heidelberg",""
urn:cite:oldpersian:img.niebuhr1778bd2-page512,"Niebuhr, plate 19: 'view of the ruins of Persepolis'","public domain image from the Universitätsbibliothek, Heidelberg",""
urn:cite:oldpersian:img.niebuhr1778bd2-page517,"Niebuhr, plate 24: 'various inscriptions from Persepolis in three different scripts'","public domain image from the Universitätsbibliothek, Heidelberg",""
urn:cite:oldpersian:img.niebuhr1778bd2-page523,"Niebuhr, plate 30: 'Drawing of the figures on the door posts'","public domain image from the Universitätsbibliothek, Heidelberg",""
urn:cite:oldpersian:img.niebuhr1778bd2-page524,"Niebuhr, plate 31: 'Persopolitan inscriptions in three scripts'","public domain image from the Universitätsbibliothek, Heidelberg",""
urn:cite:oldpersian:img.titus_dpe,"Photograph of inscription DPe, from the TITUS project corpus of Old Persian by J. Gippert, J. Martínez García and M. Esnaashari with photographs by V. Jung (2001) and A. Sarhadi (2011), Frankfurt a/M, 1997 / 28.2.1998 / 22.6.1998 / 1.6.2000 / 11.6.2011, found at http://titus.fkidg1.uni-frankfurt.de/texte/etcs/iran/airan/apers/apers.htm?apers028.htm#OPers._DPe","Not-for-profit use by permission of the copyright holder","http://titus.fkidg1.uni-frankfurt.de/texte/etcs/iran/airan/apers/apers.htm?apers028.htm#OPers._DPe"
urn:cite:oldpersian:img.DPe_livius,"Inscription of Darius at Persepolis, DPe","Photograph by Marco Prins, licenced under the Creative Commons Attribution-NonCommercial-ShareAlike 4.0 International",http://www.livius.org/aa-ac/achaemenians/DPe.html
urn:cite:oldpersian:img.DPd-e_livius,"Southern terrace wall at Persepolis, inscriptions DPd and DPe","Photograph by Marco Prins, licenced under the Creative Commons Attribution-NonCommercial-ShareAlike 4.0 International",http://www.livius.org/pen-pg/persepolis/persepolis_terrace.html
urn:cite:oldpersian:img.DSe_livius,"Copy of inscription of Darius from Susa in British Museum, DSe","Licenced under the Creative Commons Attribution-NonCommercial-ShareAlike 4.0 International","http://www.livius.org/arl-arz/aryans/alphabet.html#DPa"
urn:cite:oldpersian:img.DSy_livius,"Inscribed status base of Darius from Susa, DSy","Licenced under the Creative Commons Attribution-NonCommercial-ShareAlike 4.0 International",http://www.livius.org/aa-ac/achaemenians/DSy.html
urn:cite:oldpersian:img.titus_dna,"Photograph of inscription DNa, from the TITUS project corpus of Old Persian by J. Gippert, J. Martínez García and M. Esnaashari with photographs by V. Jung (2001) and A. Sarhadi (2011), Frankfurt a/M, 1997 / 28.2.1998 / 22.6.1998 / 1.6.2000 / 11.6.2011, found at http://titus.fkidg1.uni-frankfurt.de/texte/etcs/iran/airan/apers/apers.htm","Not-for-profit use by permission of the copyright holder","http://titus.fkidg1.uni-frankfurt.de/texte/etcs/iran/airan/apers/apers.htm"
urn:cite:oldpersian:img.titus_dnb,"Photograph of inscription DNb, from the TITUS project corpus of Old Persian by J. Gippert, J. Martínez García and M. Esnaashari with photographs by V. Jung (2001) and A. Sarhadi (2011), Frankfurt a/M, 1997 / 28.2.1998 / 22.6.1998 / 1.6.2000 / 11.6.2011, found at http://titus.fkidg1.uni-frankfurt.de/texte/etcs/iran/airan/apers/apers.htm","Not-for-profit use by permission of the copyright holder","http://titus.fkidg1.uni-frankfurt.de/texte/etcs/iran/airan/apers/apers.htm"
urn:cite:oldpersian:img.titus_dnc,"Photograph of inscription DNc, from the TITUS project corpus of Old Persian by J. Gippert, J. Martínez García and M. Esnaashari with photographs by V. Jung (2001) and A. Sarhadi (2011), Frankfurt a/M, 1997 / 28.2.1998 / 22.6.1998 / 1.6.2000 / 11.6.2011, found at http://titus.fkidg1.uni-frankfurt.de/texte/etcs/iran/airan/apers/apers.htm","Not-for-profit use by permission of the copyright holder","http://titus.fkidg1.uni-frankfurt.de/texte/etcs/iran/airan/apers/apers.htm"
urn:cite:oldpersian:img.titus_dnd,"Photograph of inscription DNd, from the TITUS project corpus of Old Persian by J. Gippert, J. Martínez García and M. Esnaashari with photographs by V. Jung (2001) and A. Sarhadi (2011), Frankfurt a/M, 1997 / 28.2.1998 / 22.6.1998 / 1.6.2000 / 11.6.2011, found at http://titus.fkidg1.uni-frankfurt.de/texte/etcs/iran/airan/apers/apers.htm","Not-for-profit use by permission of the copyright holder","http://titus.fkidg1.uni-frankfurt.de/texte/etcs/iran/airan/apers/apers.htm"
urn:cite:oldpersian:img.DWc_livius,"Diorite weight of Darius from the Treasury in Persepolis, DWc","Photograph by Marco Prins, licenced under the Creative Commons Attribution-NonCommercial-ShareAlike 4.0 International",http://www.livius.org/aa-ac/achaemenians/DW.html
urn:cite:oldpersian:img.titus_a1pa,"Photograph of inscription A1Pa, from the TITUS project corpus of Old Persian by J. Gippert, J. Martínez García and M. Esnaashari with photographs by V. Jung (2001) and A. Sarhadi (2011), Frankfurt a/M, 1997 / 28.2.1998 / 22.6.1998 / 1.6.2000 / 11.6.2011, found at http://titus.fkidg1.uni-frankfurt.de/texte/etcs/iran/airan/apers/apers.htm","Not-for-profit use by permission of the copyright holder","http://titus.fkidg1.uni-frankfurt.de/texte/etcs/iran/airan/apers/apers.htm"
urn:cite:oldpersian:img.titus_a3pa_a,"Photograph of inscription A3P, copy A, from the TITUS project corpus of Old Persian by J. Gippert, J. Martínez García and M. Esnaashari with photographs by V. Jung (2001) and A. Sarhadi (2011), Frankfurt a/M, 1997 / 28.2.1998 / 22.6.1998 / 1.6.2000 / 11.6.2011, found at http://titus.fkidg1.uni-frankfurt.de/texte/etcs/iran/airan/apers/apers.htm","Not-for-profit use by permission of the copyright holder","http://titus.fkidg1.uni-frankfurt.de/texte/etcs/iran/airan/apers/apers.htm"
urn:cite:oldpersian:img.titus_a3pa_b,"Photograph of inscription A3P, copy B, from the TITUS project corpus of Old Persian by J. Gippert, J. Martínez García and M. Esnaashari with photographs by V. Jung (2001) and A. Sarhadi (2011), Frankfurt a/M, 1997 / 28.2.1998 / 22.6.1998 / 1.6.2000 / 11.6.2011, found at http://titus.fkidg1.uni-frankfurt.de/texte/etcs/iran/airan/apers/apers.htm","Not-for-profit use by permission of the copyright holder","http://titus.fkidg1.uni-frankfurt.de/texte/etcs/iran/airan/apers/apers.htm"
urn:cite:oldpersian:img.titus_a3pa_c,"Photograph of inscription A3P, copy C, from the TITUS project corpus of Old Persian by J. Gippert, J. Martínez García and M. Esnaashari with photographs by V. Jung (2001) and A. Sarhadi (2011), Frankfurt a/M, 1997 / 28.2.1998 / 22.6.1998 / 1.6.2000 / 11.6.2011, found at http://titus.fkidg1.uni-frankfurt.de/texte/etcs/iran/airan/apers/apers.htm","Not-for-profit use by permission of the copyright holder","http://titus.fkidg1.uni-frankfurt.de/texte/etcs/iran/airan/apers/apers.htm"
urn:cite:oldpersian:img.titus_a3pa_d,"Photograph of inscription A3P, copy D, from the TITUS project corpus of Old Persian by J. Gippert, J. Martínez García and M. Esnaashari with photographs by V. Jung (2001) and A. Sarhadi (2011), Frankfurt a/M, 1997 / 28.2.1998 / 22.6.1998 / 1.6.2000 / 11.6.2011, found at http://titus.fkidg1.uni-frankfurt.de/texte/etcs/iran/airan/apers/apers.htm","Not-for-profit use by permission of the copyright holder","http://titus.fkidg1.uni-frankfurt.de/texte/etcs/iran/airan/apers/apers.htm"
urn:cite:oldpersian:img.titus_dpc1,"Photograph of inscription DPc, copy 1, from the TITUS project corpus of Old Persian by J. Gippert, J. Martínez García and M. Esnaashari with photographs by V. Jung (2001) and A. Sarhadi (2011), Frankfurt a/M, 1997 / 28.2.1998 / 22.6.1998 / 1.6.2000 / 11.6.2011, found at http://titus.fkidg1.uni-frankfurt.de/texte/etcs/iran/airan/apers/apers.htm","Not-for-profit use by permission of the copyright holder","http://titus.fkidg1.uni-frankfurt.de/texte/etcs/iran/airan/apers/apers.htm"
urn:cite:oldpersian:img.titus_dpc2,"Photograph of inscription DPc, copy 2, from the TITUS project corpus of Old Persian by J. Gippert, J. Martínez García and M. Esnaashari with photographs by V. Jung (2001) and A. Sarhadi (2011), Frankfurt a/M, 1997 / 28.2.1998 / 22.6.1998 / 1.6.2000 / 11.6.2011, found at http://titus.fkidg1.uni-frankfurt.de/texte/etcs/iran/airan/apers/apers.htm","Not-for-profit use by permission of the copyright holder","http://titus.fkidg1.uni-frankfurt.de/texte/etcs/iran/airan/apers/apers.htm"
urn:cite:oldpersian:img.titus_dpc3,"Photograph of inscription DPc, copy 3, from the TITUS project corpus of Old Persian by J. Gippert, J. Martínez García and M. Esnaashari with photographs by V. Jung (2001) and A. Sarhadi (2011), Frankfurt a/M, 1997 / 28.2.1998 / 22.6.1998 / 1.6.2000 / 11.6.2011, found at http://titus.fkidg1.uni-frankfurt.de/texte/etcs/iran/airan/apers/apers.htm","Not-for-profit use by permission of the copyright holder","http://titus.fkidg1.uni-frankfurt.de/texte/etcs/iran/airan/apers/apers.htm"
urn:cite:oldpersian:img.titus_dpc4,"Photograph of inscription DPc, copy 4, from the TITUS project corpus of Old Persian by J. Gippert, J. Martínez García and M. Esnaashari with photographs by V. Jung (2001) and A. Sarhadi (2011), Frankfurt a/M, 1997 / 28.2.1998 / 22.6.1998 / 1.6.2000 / 11.6.2011, found at http://titus.fkidg1.uni-frankfurt.de/texte/etcs/iran/airan/apers/apers.htm","Not-for-profit use by permission of the copyright holder","http://titus.fkidg1.uni-frankfurt.de/texte/etcs/iran/airan/apers/apers.htm"
urn:cite:oldpersian:img.titus_dpc5,"Photograph of inscription DPc, copy 5, from the TITUS project corpus of Old Persian by J. Gippert, J. Martínez García and M. Esnaashari with photographs by V. Jung (2001) and A. Sarhadi (2011), Frankfurt a/M, 1997 / 28.2.1998 / 22.6.1998 / 1.6.2000 / 11.6.2011, found at http://titus.fkidg1.uni-frankfurt.de/texte/etcs/iran/airan/apers/apers.htm","Not-for-profit use by permission of the copyright holder","http://titus.fkidg1.uni-frankfurt.de/texte/etcs/iran/airan/apers/apers.htm"
urn:cite:oldpersian:img.titus_dpc6,"Photograph of inscription DPc, copy 6, from the TITUS project corpus of Old Persian by J. Gippert, J. Martínez García and M. Esnaashari with photographs by V. Jung (2001) and A. Sarhadi (2011), Frankfurt a/M, 1997 / 28.2.1998 / 22.6.1998 / 1.6.2000 / 11.6.2011, found at http://titus.fkidg1.uni-frankfurt.de/texte/etcs/iran/airan/apers/apers.htm","Not-for-profit use by permission of the copyright holder","http://titus.fkidg1.uni-frankfurt.de/texte/etcs/iran/airan/apers/apers.htm"
urn:cite:oldpersian:img.titus_dpc7,"Photograph of inscription DPc, copy 7, from the TITUS project corpus of Old Persian by J. Gippert, J. Martínez García and M. Esnaashari with photographs by V. Jung (2001) and A. Sarhadi (2011), Frankfurt a/M, 1997 / 28.2.1998 / 22.6.1998 / 1.6.2000 / 11.6.2011, found at http://titus.fkidg1.uni-frankfurt.de/texte/etcs/iran/airan/apers/apers.htm","Not-for-profit use by permission of the copyright holder","http://titus.fkidg1.uni-frankfurt.de/texte/etcs/iran/airan/apers/apers.htm"
urn:cite:oldpersian:img.titus_scan9,"Photograph of inscription DB, column 3, from the TITUS project corpus of Old Persian by J. Gippert, J. Martínez García and M. Esnaashari with photographs by V. Jung (2001) and A. Sarhadi (2011), Frankfurt a/M, 1997 / 28.2.1998 / 22.6.1998 / 1.6.2000 / 11.6.2011, found at http://titus.fkidg1.uni-frankfurt.de/texte/etcs/iran/airan/apers/apers.htm","Not-for-profit use by permission of the copyright holder","http://titus.fkidg1.uni-frankfurt.de/texte/etcs/iran/airan/apers/apers.htm"
urn:cite:oldpersian:img.titus_dpd,"Photograph of inscription DPd, from the TITUS project corpus of Old Persian by J. Gippert, J. Martínez García and M. Esnaashari with photographs by V. Jung (2001) and A. Sarhadi (2011), Frankfurt a/M, 1997 / 28.2.1998 / 22.6.1998 / 1.6.2000 / 11.6.2011, found at http://titus.fkidg1.uni-frankfurt.de/texte/etcs/iran/airan/apers/apers.htm","Not-for-profit use by permission of the copyright holder","http://titus.fkidg1.uni-frankfurt.de/texte/etcs/iran/airan/apers/apers.htm"
urn:cite:oldpersian:img.titus_db1col,"Photograph of inscription DB, column 1, from the TITUS project corpus of Old Persian by J. Gippert, J. Martínez García and M. Esnaashari with photographs by V. Jung (2001) and A. Sarhadi (2011), Frankfurt a/M, 1997 / 28.2.1998 / 22.6.1998 / 1.6.2000 / 11.6.2011, found at http://titus.fkidg1.uni-frankfurt.de/texte/etcs/iran/airan/apers/apers.htm","Not-for-profit use by permission of the copyright holder","http://titus.fkidg1.uni-frankfurt.de/texte/etcs/iran/airan/apers/apers.htm"
urn:cite:oldpersian:img.titus_db1-scan10,"Photograph of inscription DB, column 1, from the TITUS project corpus of Old Persian by J. Gippert, J. Martínez García and M. Esnaashari with photographs by V. Jung (2001) and A. Sarhadi (2011), Frankfurt a/M, 1997 / 28.2.1998 / 22.6.1998 / 1.6.2000 / 11.6.2011, found at http://titus.fkidg1.uni-frankfurt.de/texte/etcs/iran/airan/apers/apers.htm","Not-for-profit use by permission of the copyright holder","http://titus.fkidg1.uni-frankfurt.de/texte/etcs/iran/airan/apers/apers.htm"
urn:cite:oldpersian:img.titus_db1-scan5,"Photograph of inscription DB, column 1, from the TITUS project corpus of Old Persian by J. Gippert, J. Martínez García and M. Esnaashari with photographs by V. Jung (2001) and A. Sarhadi (2011), Frankfurt a/M, 1997 / 28.2.1998 / 22.6.1998 / 1.6.2000 / 11.6.2011, found at http://titus.fkidg1.uni-frankfurt.de/texte/etcs/iran/airan/apers/apers.htm","Not-for-profit use by permission of the copyright holder","http://titus.fkidg1.uni-frankfurt.de/texte/etcs/iran/airan/apers/apers.htm"
urn:cite:oldpersian:img.titus_db1-scan6,"Photograph of inscription DB, column 1, from the TITUS project corpus of Old Persian by J. Gippert, J. Martínez García and M. Esnaashari with photographs by V. Jung (2001) and A. Sarhadi (2011), Frankfurt a/M, 1997 / 28.2.1998 / 22.6.1998 / 1.6.2000 / 11.6.2011, found at http://titus.fkidg1.uni-frankfurt.de/texte/etcs/iran/airan/apers/apers.htm","Not-for-profit use by permission of the copyright holder","http://titus.fkidg1.uni-frankfurt.de/texte/etcs/iran/airan/apers/apers.htm"
urn:cite:oldpersian:img.titus_db1-scan7,"Photograph of inscription DB, column 1, from the TITUS project corpus of Old Persian by J. Gippert, J. Martínez García and M. Esnaashari with photographs by V. Jung (2001) and A. Sarhadi (2011), Frankfurt a/M, 1997 / 28.2.1998 / 22.6.1998 / 1.6.2000 / 11.6.2011, found at http://titus.fkidg1.uni-frankfurt.de/texte/etcs/iran/airan/apers/apers.htm","Not-for-profit use by permission of the copyright holder","http://titus.fkidg1.uni-frankfurt.de/texte/etcs/iran/airan/apers/apers.htm"
urn:cite:oldpersian:img.titus_db1-scan8,"Photograph of inscription DB, column 1, from the TITUS project corpus of Old Persian by J. Gippert, J. Martínez García and M. Esnaashari with photographs by V. Jung (2001) and A. Sarhadi (2011), Frankfurt a/M, 1997 / 28.2.1998 / 22.6.1998 / 1.6.2000 / 11.6.2011, found at http://titus.fkidg1.uni-frankfurt.de/texte/etcs/iran/airan/apers/apers.htm","Not-for-profit use by permission of the copyright holder","http://titus.fkidg1.uni-frankfurt.de/texte/etcs/iran/airan/apers/apers.htm"
urn:cite:oldpersian:img.titus_xpa_a,"Photograph of inscription XPa, copy a, from the TITUS project corpus of Old Persian by J. Gippert, J. Martínez García and M. Esnaashari with photographs by V. Jung (2001) and A. Sarhadi (2011), Frankfurt a/M, 1997 / 28.2.1998 / 22.6.1998 / 1.6.2000 / 11.6.2011, found at http://titus.fkidg1.uni-frankfurt.de/texte/etcs/iran/airan/apers/apers.htm","Not-for-profit use by permission of the copyright holder","http://titus.fkidg1.uni-frankfurt.de/texte/etcs/iran/airan/apers/apers.htm"
urn:cite:oldpersian:img.titus_xpa_b,"Photograph of inscription XPa, copy b, from the TITUS project corpus of Old Persian by J. Gippert, J. Martínez García and M. Esnaashari with photographs by V. Jung (2001) and A. Sarhadi (2011), Frankfurt a/M, 1997 / 28.2.1998 / 22.6.1998 / 1.6.2000 / 11.6.2011, found at http://titus.fkidg1.uni-frankfurt.de/texte/etcs/iran/airan/apers/apers.htm","Not-for-profit use by permission of the copyright holder","http://titus.fkidg1.uni-frankfurt.de/texte/etcs/iran/airan/apers/apers.htm"
urn:cite:oldpersian:img.titus_xpa_c,"Photograph of inscription XPa, copy c, from the TITUS project corpus of Old Persian by J. Gippert, J. Martínez García and M. Esnaashari with photographs by V. Jung (2001) and A. Sarhadi (2011), Frankfurt a/M, 1997 / 28.2.1998 / 22.6.1998 / 1.6.2000 / 11.6.2011, found at http://titus.fkidg1.uni-frankfurt.de/texte/etcs/iran/airan/apers/apers.htm","Not-for-profit use by permission of the copyright holder","http://titus.fkidg1.uni-frankfurt.de/texte/etcs/iran/airan/apers/apers.htm"
urn:cite:oldpersian:img.titus_xpa_d,"Photograph of inscription XPa, copy d, from the TITUS project corpus of Old Persian by J. Gippert, J. Martínez García and M. Esnaashari with photographs by V. Jung (2001) and A. Sarhadi (2011), Frankfurt a/M, 1997 / 28.2.1998 / 22.6.1998 / 1.6.2000 / 11.6.2011, found at http://titus.fkidg1.uni-frankfurt.de/texte/etcs/iran/airan/apers/apers.htm","Not-for-profit use by permission of the copyright holder","http://titus.fkidg1.uni-frankfurt.de/texte/etcs/iran/airan/apers/apers.htm"
urn:cite:oldpersian:img.titus_xpb_a,"Photograph of inscription XPb, copy a, from the TITUS project corpus of Old Persian by J. Gippert, J. Martínez García and M. Esnaashari with photographs by V. Jung (2001) and A. Sarhadi (2011), Frankfurt a/M, 1997 / 28.2.1998 / 22.6.1998 / 1.6.2000 / 11.6.2011, found at http://titus.fkidg1.uni-frankfurt.de/texte/etcs/iran/airan/apers/apers.htm","Not-for-profit use by permission of the copyright holder","http://titus.fkidg1.uni-frankfurt.de/texte/etcs/iran/airan/apers/apers.htm"
urn:cite:oldpersian:img.titus_xpb_b,"Photograph of inscription XPb, copy b, from the TITUS project corpus of Old Persian by J. Gippert, J. Martínez García and M. Esnaashari with photographs by V. Jung (2001) and A. Sarhadi (2011), Frankfurt a/M, 1997 / 28.2.1998 / 22.6.1998 / 1.6.2000 / 11.6.2011, found at http://titus.fkidg1.uni-frankfurt.de/texte/etcs/iran/airan/apers/apers.htm","Not-for-profit use by permission of the copyright holder","http://titus.fkidg1.uni-frankfurt.de/texte/etcs/iran/airan/apers/apers.htm"
urn:cite:oldpersian:img.titus_xpc_b,"Photograph of inscription XPc, copy b, from the TITUS project corpus of Old Persian by J. Gippert, J. Martínez García and M. Esnaashari with photographs by V. Jung (2001) and A. Sarhadi (2011), Frankfurt a/M, 1997 / 28.2.1998 / 22.6.1998 / 1.6.2000 / 11.6.2011, found at http://titus.fkidg1.uni-frankfurt.de/texte/etcs/iran/airan/apers/apers.htm","Not-for-profit use by permission of the copyright holder","http://titus.fkidg1.uni-frankfurt.de/texte/etcs/iran/airan/apers/apers.htm"
urn:cite:oldpersian:img.titus_xpc_c,"Photograph of inscription XPc, copy c, from the TITUS project corpus of Old Persian by J. Gippert, J. Martínez García and M. Esnaashari with photographs by V. Jung (2001) and A. Sarhadi (2011), Frankfurt a/M, 1997 / 28.2.1998 / 22.6.1998 / 1.6.2000 / 11.6.2011, found at http://titus.fkidg1.uni-frankfurt.de/texte/etcs/iran/airan/apers/apers.htm","Not-for-profit use by permission of the copyright holder","http://titus.fkidg1.uni-frankfurt.de/texte/etcs/iran/airan/apers/apers.htm"
urn:cite:oldpersian:img.titus_xpc_a,"Photograph of inscription XPc, copy a, from the TITUS project corpus of Old Persian by J. Gippert, J. Martínez García and M. Esnaashari with photographs by V. Jung (2001) and A. Sarhadi (2011), Frankfurt a/M, 1997 / 28.2.1998 / 22.6.1998 / 1.6.2000 / 11.6.2011, found at http://titus.fkidg1.uni-frankfurt.de/texte/etcs/iran/airan/apers/apers.htm","Not-for-profit use by permission of the copyright holder","http://titus.fkidg1.uni-frankfurt.de/texte/etcs/iran/airan/apers/apers.htm"
urn:cite:oldpersian:img.titus_xpd_a_ne,"Photograph of inscription XPd, copy a, on pillar in NE corner of palace, from the TITUS project corpus of Old Persian by J. Gippert, J. Martínez García and M. Esnaashari with photographs by V. Jung (2001) and A. Sarhadi (2011), Frankfurt a/M, 1997 / 28.2.1998 / 22.6.1998 / 1.6.2000 / 11.6.2011, found at http://titus.fkidg1.uni-frankfurt.de/texte/etcs/iran/airan/apers/apers.htm","Not-for-profit use by permission of the copyright holder","http://titus.fkidg1.uni-frankfurt.de/texte/etcs/iran/airan/apers/apers.htm"
urn:cite:oldpersian:img.titus_xpd_a_nw,"Photograph of inscription XPd, copy b, on pillar in NW corner of palace, from the TITUS project corpus of Old Persian by J. Gippert, J. Martínez García and M. Esnaashari with photographs by V. Jung (2001) and A. Sarhadi (2011), Frankfurt a/M, 1997 / 28.2.1998 / 22.6.1998 / 1.6.2000 / 11.6.2011, found at http://titus.fkidg1.uni-frankfurt.de/texte/etcs/iran/airan/apers/apers.htm","Not-for-profit use by permission of the copyright holder","http://titus.fkidg1.uni-frankfurt.de/texte/etcs/iran/airan/apers/apers.htm"
urn:cite:oldpersian:img.titus_xpd_b_e,"Photograph of inscription XPd, copy a, on E wall of terrace, from the TITUS project corpus of Old Persian by J. Gippert, J. Martínez García and M. Esnaashari with photographs by V. Jung (2001) and A. Sarhadi (2011), Frankfurt a/M, 1997 / 28.2.1998 / 22.6.1998 / 1.6.2000 / 11.6.2011, found at http://titus.fkidg1.uni-frankfurt.de/texte/etcs/iran/airan/apers/apers.htm","Not-for-profit use by permission of the copyright holder","http://titus.fkidg1.uni-frankfurt.de/texte/etcs/iran/airan/apers/apers.htm"
urn:cite:oldpersian:img.titus_xpd_b_w,"Photograph of inscription XPd, copy a, on W wall of terrace, from the TITUS project corpus of Old Persian by J. Gippert, J. Martínez García and M. Esnaashari with photographs by V. Jung (2001) and A. Sarhadi (2011), Frankfurt a/M, 1997 / 28.2.1998 / 22.6.1998 / 1.6.2000 / 11.6.2011, found at http://titus.fkidg1.uni-frankfurt.de/texte/etcs/iran/airan/apers/apers.htm","Not-for-profit use by permission of the copyright holder","http://titus.fkidg1.uni-frankfurt.de/texte/etcs/iran/airan/apers/apers.htm"
urn:cite:oldpersian:img.titus_xpe_a,"Photograph of inscription XPe, copy a, from the TITUS project corpus of Old Persian by J. Gippert, J. Martínez García and M. Esnaashari with photographs by V. Jung (2001) and A. Sarhadi (2011), Frankfurt a/M, 1997 / 28.2.1998 / 22.6.1998 / 1.6.2000 / 11.6.2011, found at http://titus.fkidg1.uni-frankfurt.de/texte/etcs/iran/airan/apers/apers.htm","Not-for-profit use by permission of the copyright holder","http://titus.fkidg1.uni-frankfurt.de/texte/etcs/iran/airan/apers/apers.htm"
urn:cite:oldpersian:img.titus_xpe_b_1,"Photograph of inscription XPe, copy b, from the TITUS project corpus of Old Persian by J. Gippert, J. Martínez García and M. Esnaashari with photographs by V. Jung (2001) and A. Sarhadi (2011), Frankfurt a/M, 1997 / 28.2.1998 / 22.6.1998 / 1.6.2000 / 11.6.2011, found at http://titus.fkidg1.uni-frankfurt.de/texte/etcs/iran/airan/apers/apers.htm","Not-for-profit use by permission of the copyright holder","http://titus.fkidg1.uni-frankfurt.de/texte/etcs/iran/airan/apers/apers.htm"
urn:cite:oldpersian:img.titus_xpe_b_2,"Photograph of inscription XPe, copy b, from the TITUS project corpus of Old Persian by J. Gippert, J. Martínez García and M. Esnaashari with photographs by V. Jung (2001) and A. Sarhadi (2011), Frankfurt a/M, 1997 / 28.2.1998 / 22.6.1998 / 1.6.2000 / 11.6.2011, found at http://titus.fkidg1.uni-frankfurt.de/texte/etcs/iran/airan/apers/apers.htm","Not-for-profit use by permission of the copyright holder","http://titus.fkidg1.uni-frankfurt.de/texte/etcs/iran/airan/apers/apers.htm"
urn:cite:oldpersian:img.titus_xpe_b_ew,"Photograph of inscription XPe, copy b, from the TITUS project corpus of Old Persian by J. Gippert, J. Martínez García and M. Esnaashari with photographs by V. Jung (2001) and A. Sarhadi (2011), Frankfurt a/M, 1997 / 28.2.1998 / 22.6.1998 / 1.6.2000 / 11.6.2011, found at http://titus.fkidg1.uni-frankfurt.de/texte/etcs/iran/airan/apers/apers.htm","Not-for-profit use by permission of the copyright holder","http://titus.fkidg1.uni-frankfurt.de/texte/etcs/iran/airan/apers/apers.htm"
urn:cite:oldpersian:img.titus_xpe_b_ne,"Photograph of inscription XPe, copy b, from the TITUS project corpus of Old Persian by J. Gippert, J. Martínez García and M. Esnaashari with photographs by V. Jung (2001) and A. Sarhadi (2011), Frankfurt a/M, 1997 / 28.2.1998 / 22.6.1998 / 1.6.2000 / 11.6.2011, found at http://titus.fkidg1.uni-frankfurt.de/texte/etcs/iran/airan/apers/apers.htm","Not-for-profit use by permission of the copyright holder","http://titus.fkidg1.uni-frankfurt.de/texte/etcs/iran/airan/apers/apers.htm"
urn:cite:oldpersian:img.titus_xpe_b_nw,"Photograph of inscription XPe, copy b, from the TITUS project corpus of Old Persian by J. Gippert, J. Martínez García and M. Esnaashari with photographs by V. Jung (2001) and A. Sarhadi (2011), Frankfurt a/M, 1997 / 28.2.1998 / 22.6.1998 / 1.6.2000 / 11.6.2011, found at http://titus.fkidg1.uni-frankfurt.de/texte/etcs/iran/airan/apers/apers.htm","Not-for-profit use by permission of the copyright holder","http://titus.fkidg1.uni-frankfurt.de/texte/etcs/iran/airan/apers/apers.htm"
urn:cite:oldpersian:img.titus_xpe_c_e,"Photograph of inscription XPe, copy c, from the TITUS project corpus of Old Persian by J. Gippert, J. Martínez García and M. Esnaashari with photographs by V. Jung (2001) and A. Sarhadi (2011), Frankfurt a/M, 1997 / 28.2.1998 / 22.6.1998 / 1.6.2000 / 11.6.2011, found at http://titus.fkidg1.uni-frankfurt.de/texte/etcs/iran/airan/apers/apers.htm","Not-for-profit use by permission of the copyright holder","http://titus.fkidg1.uni-frankfurt.de/texte/etcs/iran/airan/apers/apers.htm"
urn:cite:oldpersian:img.titus_xpe_c_nw,"Photograph of inscription XPe, copy c, from the TITUS project corpus of Old Persian by J. Gippert, J. Martínez García and M. Esnaashari with photographs by V. Jung (2001) and A. Sarhadi (2011), Frankfurt a/M, 1997 / 28.2.1998 / 22.6.1998 / 1.6.2000 / 11.6.2011, found at http://titus.fkidg1.uni-frankfurt.de/texte/etcs/iran/airan/apers/apers.htm","Not-for-profit use by permission of the copyright holder","http://titus.fkidg1.uni-frankfurt.de/texte/etcs/iran/airan/apers/apers.htm"
urn:cite:oldpersian:img.titus_xpe_c_w,"Photograph of inscription XPe, copy c, from the TITUS project corpus of Old Persian by J. Gippert, J. Martínez García and M. Esnaashari with photographs by V. Jung (2001) and A. Sarhadi (2011), Frankfurt a/M, 1997 / 28.2.1998 / 22.6.1998 / 1.6.2000 / 11.6.2011, found at http://titus.fkidg1.uni-frankfurt.de/texte/etcs/iran/airan/apers/apers.htm","Not-for-profit use by permission of the copyright holder","http://titus.fkidg1.uni-frankfurt.de/texte/etcs/iran/airan/apers/apers.htm"
